City_ID,City,Lat,Lng,Max Temp,Humidity,Cloudiness,Wind Speed,Country,Date
0,howrah,22.5892,88.3103,30.0,54,40,3.09,IN,1708332003
1,albany,42.6001,-73.9662,-0.52,78,69,1.79,US,1708331748
2,bethel,41.3712,-73.414,0.27,62,0,2.57,US,1708332003
3,potosi,-19.5836,-65.7531,7.23,92,100,0.9,BO,1708332003
4,iqaluit,63.7506,-68.5145,-32.15,68,0,10.29,CA,1708332004
5,udachny,66.4167,112.4,-19.2,76,100,4.92,RU,1708332004
6,cabedelo,-6.9811,-34.8339,26.37,79,100,3.34,BR,1708332004
7,edinburgh of the seven seas,-37.0676,-12.3116,14.22,62,92,6.01,SH,1708332004
8,adamstown,-25.066,-130.1015,24.59,83,58,5.23,PN,1708332005
9,wailua homesteads,22.0669,-159.378,21.44,55,100,9.26,US,1708332005
10,bada,51.392,109.8717,-22.14,84,100,4.32,RU,1708332005
11,kudahuvadhoo,2.6708,72.8944,28.22,79,91,6.06,MV,1708332006
12,kirakira,-10.4544,161.9205,27.51,86,40,2.67,SB,1708332006
13,lorengau,-2.0226,147.2712,28.2,81,100,4.71,PG,1708332006
14,limulunga,-15.0969,23.1376,32.76,39,62,1.51,ZM,1708332006
15,st. john's,47.5649,-52.7093,-4.62,85,40,11.83,CA,1708332007
16,lebu,-37.6167,-73.65,13.21,87,9,5.86,CL,1708332007
17,puerto natales,-51.7236,-72.4875,10.45,96,100,1.22,CL,1708332007
18,blackmans bay,-43.0167,147.3167,16.07,68,21,0.45,AU,1708332007
19,erenhot,43.6475,111.9767,-15.29,49,8,2.72,CN,1708332008
20,kalianget,-7.05,113.9333,29.65,70,93,3.63,ID,1708332008
21,namanyere,-7.5167,31.05,17.3,98,100,0.64,TZ,1708332008
22,ushuaia,-54.8,-68.3,6.81,70,75,1.03,AR,1708332008
23,fort bragg,35.139,-79.006,3.23,68,40,0.89,US,1708331763
24,opuwo,-18.0607,13.84,30.05,18,62,0.94,NA,1708332009
25,grytviken,-54.2811,-36.5092,3.59,77,81,4.7,GS,1708332009
26,waitangi,-43.9535,-176.5597,17.68,92,5,4.02,NZ,1708332010
27,yellowknife,62.456,-114.3525,-20.71,71,75,2.06,CA,1708331762
28,rincon,32.296,-81.2354,3.8,87,0,0.0,US,1708332010
29,wuchang,44.9143,127.15,-13.1,89,100,2.32,CN,1708331959
30,west island,-12.1568,96.8225,30.99,70,75,5.14,CC,1708332011
31,port-aux-francais,-49.35,70.2167,5.91,78,100,7.07,TF,1708332011
32,papatowai,-46.5619,169.4708,8.49,85,80,9.25,NZ,1708332011
33,port elizabeth,-33.918,25.5701,28.94,71,40,6.69,ZA,1708332011
34,conception bay south,47.4999,-52.9981,-4.75,87,41,10.68,CA,1708332012
35,mirny,62.5353,113.9611,-27.65,68,100,4.02,RU,1708332012
36,ventspils,57.3894,21.5606,0.96,86,0,4.12,LV,1708332012
37,luorong,24.4058,109.6086,25.31,71,96,3.21,CN,1708332013
38,namibe,-15.1961,12.1522,27.23,74,92,3.2,AO,1708332013
39,new norfolk,-42.7826,147.0587,16.72,70,43,1.87,AU,1708332013
40,kiama,-34.6833,150.8667,20.88,95,100,0.45,AU,1708331717
41,nephi,39.7102,-111.8363,2.63,80,3,1.84,US,1708332014
42,afaahiti,-17.75,-149.2833,25.93,77,100,2.04,PF,1708332014
43,revuca,48.6835,20.1173,5.48,96,100,1.68,SK,1708332014
44,castillos,-34.1667,-53.8333,21.29,95,100,2.51,UY,1708332015
45,katsuura,35.1333,140.3,17.31,73,92,11.11,JP,1708332015
46,ismailia,30.6043,32.2723,17.04,51,0,4.63,EG,1708332015
47,ponta delgada,37.7333,-25.6667,15.4,94,20,2.57,PT,1708332015
48,manzhouli,49.6,117.4333,-25.11,87,18,7.13,CN,1708332016
49,san andres,12.5847,-81.7006,27.01,89,40,4.63,CO,1708332016
50,college,64.8569,-147.8028,-7.82,70,75,2.06,US,1708332016
51,remire-montjoly,4.9167,-52.2667,26.02,78,0,2.06,GF,1708332016
52,port lincoln,-34.7333,135.8667,24.02,55,77,5.27,AU,1708331778
53,chernyshevskiy,63.0128,112.4714,-24.06,96,100,4.98,RU,1708332017
54,kralendijk,12.15,-68.2667,26.34,86,17,11.01,BQ,1708332017
55,kirensk,57.7853,108.1119,-22.38,88,100,4.01,RU,1708332018
56,antalaha,-14.9003,50.2788,30.15,64,100,3.97,MG,1708332018
57,rongelap,11.1635,166.8941,26.16,82,92,7.17,MH,1708332018
58,gunnison,38.7,-107.0673,-12.34,96,66,1.39,US,1708332019
59,lame,10.4415,9.2396,29.28,11,4,1.31,NG,1708332019
60,invercargill,-46.4,168.35,10.57,72,90,7.6,NZ,1708332019
61,prince george,53.9166,-122.753,-5.77,91,40,0.0,CA,1708332019
62,stanley,54.868,-1.6985,8.77,88,20,8.23,GB,1708332020
63,el calafate,-50.3408,-72.2768,11.99,79,95,1.6,AR,1708332020
64,whitehorse,60.7161,-135.0538,-3.57,68,75,1.54,CA,1708332020
65,arlington,32.7357,-97.1081,5.76,62,0,2.57,US,1708331822
66,luderitz,-26.6481,15.1594,23.98,54,0,4.85,NA,1708332021
67,wanxian,30.8039,108.3897,17.29,76,100,2.71,CN,1708332021
68,kemijarvi,66.7131,27.4306,-12.98,90,32,3.27,FI,1708332021
69,georgetown,5.4112,100.3354,32.97,62,40,3.6,MY,1708331727
70,isafjordur,66.0755,-23.124,1.02,93,100,1.03,IS,1708332029
71,alindao,5.0267,21.2088,35.09,28,94,1.49,CF,1708332030
72,visby,57.6409,18.296,1.69,100,100,5.66,SE,1708332030
73,jincheng,35.5022,112.8328,1.77,92,100,1.36,CN,1708332030
74,maymana,35.9214,64.7836,1.11,69,82,4.26,AF,1708332031
75,bontang,0.1333,117.5,29.08,76,8,4.77,ID,1708332031
76,labytnangi,66.6572,66.4183,-8.57,91,100,7.68,RU,1708332032
77,okha,53.5739,142.9478,-19.19,96,100,4.21,RU,1708332032
78,smithers,54.7804,-127.1743,-0.82,86,100,0.0,CA,1708332032
79,qui nhon,13.7667,109.2333,25.88,79,5,4.34,VN,1708332033
80,phan rang-thap cham,11.5667,108.9833,28.99,60,15,4.52,VN,1708331868
81,avarua,-21.2078,-159.775,26.03,65,75,4.12,CK,1708332033
82,peterhead,57.5058,-1.7981,7.22,83,100,6.48,GB,1708332034
83,hawaiian paradise park,19.5933,-154.9731,20.73,77,100,3.09,US,1708332034
84,bredasdorp,-34.5322,20.0403,27.05,45,11,4.63,ZA,1708332034
85,olonkinbyen,70.9221,-8.7187,-0.72,94,53,6.04,SJ,1708332035
86,phongsali,21.6833,102.1058,26.66,9,0,2.85,LA,1708332035
87,puerto baquerizo moreno,-0.9,-89.6,26.36,84,86,4.63,EC,1708332035
88,holualoa,19.6228,-155.9522,20.91,63,0,6.17,US,1708332036
89,la passe,45.5549,-0.8967,10.13,87,77,3.29,FR,1708332036
90,kataysk,56.289,62.5841,-8.7,82,2,4.45,RU,1708332036
91,belmonte,-15.8631,-38.8828,25.37,90,99,5.75,BR,1708332037
92,kodiak,57.79,-152.4072,2.73,100,100,1.54,US,1708332038
93,tosontsengel,48.7567,98.2839,-22.71,75,14,1.35,MN,1708332038
94,alofi,-19.0595,-169.9187,26.94,83,100,7.72,NU,1708332038
95,nuku'alofa,-21.1333,-175.2,26.19,78,75,6.69,TO,1708332038
96,miandrivazo,-19.5167,45.4667,31.33,58,94,2.75,MG,1708332039
97,thunder bay,48.4001,-89.3168,-19.01,84,20,1.54,CA,1708331927
98,kyshtovka,56.555,76.6271,-23.14,92,67,3.13,RU,1708332040
99,hengchun,22.0042,120.7439,25.28,83,2,4.24,TW,1708332040
100,vadso,70.0744,29.7487,-0.91,80,75,9.77,NO,1708332040
101,ilulissat,69.2167,-51.1,-9.99,92,100,3.09,GL,1708332041
102,vangaindrano,-23.35,47.6,27.53,60,24,4.12,MG,1708332041
103,fortuna,40.5982,-124.1573,9.51,92,75,6.69,US,1708332042
104,tazacorte,28.629,-17.9293,19.54,60,20,4.63,ES,1708332042
105,tarawa,1.419,172.984,29.05,84,20,4.63,KI,1708332042
106,cabo san lucas,22.8909,-109.9124,18.2,48,0,3.77,MX,1708332042
107,thompson,55.7435,-97.8558,-26.91,76,40,1.03,CA,1708332043
108,novyy urengoy,66.0833,76.6333,-16.21,90,100,10.12,RU,1708332043
109,hammerfest,70.6634,23.6821,0.25,80,100,6.69,NO,1708332043
110,susuman,62.7833,148.1667,-29.45,87,100,1.34,RU,1708332043
111,vorgashor,67.5833,63.95,-10.93,91,100,8.26,RU,1708332043
112,keflavik,64.0049,-22.5624,3.95,93,40,3.6,IS,1708332044
113,kingston,17.997,-76.7936,25.53,84,20,0.51,JM,1708332044
114,acarau,-2.8856,-40.12,25.54,89,100,2.59,BR,1708332044
115,sur,22.5667,59.5289,24.45,58,33,6.35,OM,1708332044
116,minzhu,43.7286,127.3447,-10.82,85,100,4.13,CN,1708332045
117,hamilton,39.1834,-84.5333,-2.14,79,0,1.54,US,1708331962
118,broken hill,-31.95,141.4333,31.36,13,100,4.97,AU,1708332045
119,uturoa,-16.7333,-151.4333,27.8,78,100,2.87,PF,1708332045
120,oytal,42.9057,73.2697,-6.2,82,100,2.16,KZ,1708332045
121,egilsstadir,65.2653,-14.3948,0.95,93,75,1.03,IS,1708332046
122,piti village,13.4626,144.6933,26.03,86,100,6.69,GU,1708332046
123,petropavlovsk-kamchatsky,53.0452,158.6483,-7.67,38,0,2.0,RU,1708332046
124,margaret river,-33.95,115.0667,25.79,53,100,9.34,AU,1708332046
125,parnamirim,-5.9156,-35.2628,27.94,83,75,3.09,BR,1708332046
126,khandyga,62.6667,135.6,-32.65,100,100,0.69,RU,1708332047
127,port alfred,-33.5906,26.891,24.54,79,27,4.02,ZA,1708332047
128,adrar,20.5022,-10.0711,18.3,30,2,10.31,MR,1708332047
129,zuyevka,58.405,51.1335,-4.95,89,100,2.65,RU,1708332047
130,vila franca do campo,37.7167,-25.4333,15.23,93,13,2.21,PT,1708332048
131,yerofey pavlovich,53.9667,121.9667,-25.98,85,86,1.67,RU,1708332048
132,port mathurin,-19.6833,63.4167,26.55,75,89,7.53,MU,1708332048
133,atafu village,-8.5421,-172.5159,28.89,77,100,3.39,TK,1708331928
134,kununurra,-15.7667,128.7333,27.99,89,40,2.57,AU,1708332048
135,tolanaro,-25.0319,46.9987,27.04,78,40,8.23,MG,1708332049
136,minas de marcona,-15.2119,-75.1103,19.35,84,100,2.48,PE,1708332049
137,klyuchi,52.2667,79.1667,-20.64,82,73,3.31,RU,1708332049
138,plastun,44.7561,136.2939,-0.82,83,100,3.76,RU,1708332049
139,newtown,-33.8984,151.1775,20.64,87,75,3.6,AU,1708332050
140,ust-nera,64.5667,143.2,-33.0,97,100,0.54,RU,1708332050
141,bilibino,68.0546,166.4372,-29.89,78,8,2.75,RU,1708332050
142,ha'il,27.5219,41.6907,16.01,41,0,3.09,SA,1708332050
143,salalah,17.0151,54.0924,28.05,57,0,4.12,OM,1708332050
144,burgersdorp,-30.9977,26.3286,27.45,36,0,4.38,ZA,1708332051
145,port moresby,-9.4431,147.1797,24.55,91,100,2.64,PG,1708332051
146,mareeba,-17.0,145.4333,26.4,91,100,0.84,AU,1708332051
147,kapa'a,22.0752,-159.319,22.18,55,100,9.26,US,1708332052
148,alto barinas,8.5931,-70.2261,26.16,55,42,1.77,VE,1708332052
149,sao vicente,-23.9631,-46.3919,25.15,90,9,1.41,BR,1708332052
150,shengli,37.4564,118.4856,0.96,33,78,6.66,CN,1708332052
151,tuba city,36.135,-111.2399,6.53,62,2,1.4,US,1708332053
152,rio gallegos,-51.6226,-69.2181,11.03,82,20,1.03,AR,1708332053
153,fuxin,42.0156,121.6589,-7.56,21,2,6.89,CN,1708332053
154,aasiaat,68.7098,-52.8699,-16.4,100,100,1.68,GL,1708332053
155,tura,25.5198,90.2201,27.44,20,15,2.71,IN,1708332054
156,hilo,19.7297,-155.09,20.85,77,100,3.09,US,1708331909
157,shenyang,41.7922,123.4328,-6.99,49,0,6.0,CN,1708332054
158,longyearbyen,78.2186,15.6401,-14.09,72,75,6.17,SJ,1708332054
159,tazovsky,67.4667,78.7,-16.57,92,100,10.18,RU,1708332054
160,kavieng,-2.5744,150.7967,27.61,84,100,4.68,PG,1708332055
161,kimbe,-5.5502,150.1429,26.67,88,100,0.86,PG,1708332055
162,korets,50.6165,27.1605,0.59,54,100,4.82,UA,1708332055
163,muynoq,43.7683,59.0214,-1.28,50,100,7.32,UZ,1708332055
164,soio,-6.1349,12.3689,28.67,77,93,2.12,AO,1708332056
165,tiko,4.0745,9.3699,28.91,62,42,1.32,CM,1708332056
166,hermanus,-34.4187,19.2345,27.67,49,6,3.47,ZA,1708332056
167,lerwick,60.1545,-1.1494,9.0,87,100,8.08,GB,1708332056
168,pisco,-13.7,-76.2167,23.03,83,0,1.54,PE,1708332056
169,chonchi,-42.6128,-73.8092,15.56,87,0,1.95,CL,1708332057
170,saldanha,-33.0117,17.9442,28.03,46,5,2.2,ZA,1708332057
171,dauphin,51.1494,-100.0502,-17.92,85,0,1.54,CA,1708332057
172,as sulayyil,20.4607,45.5779,21.14,24,55,6.25,SA,1708332057
173,bokoro,12.3807,17.0568,31.64,12,99,4.28,TD,1708332058
174,bardai,11.65,7.2333,28.26,9,2,5.56,NG,1708332058
175,al jawf,29.5,38.75,15.19,39,0,0.74,SA,1708332058
176,sitka,57.0531,-135.33,6.94,81,100,0.0,US,1708332058
177,whakatane,-37.9585,176.9854,21.4,78,58,4.63,NZ,1708332058
178,kitimat,54.0524,-128.6534,2.21,94,47,1.18,CA,1708332059
179,zapolyarnyy,69.4154,30.8136,-4.4,92,100,8.56,RU,1708332059
180,lukolela,-1.0605,17.1821,25.96,74,100,1.76,CD,1708332059
181,lompoc,34.6391,-120.4579,14.94,93,100,4.02,US,1708332059
182,bubaque,11.2833,-15.8333,25.78,74,0,1.16,GW,1708332059
183,anadyr,64.75,177.4833,-12.72,71,40,8.0,RU,1708332060
184,port blair,11.6667,92.75,32.02,40,40,5.66,IN,1708331955
185,punta arenas,-53.15,-70.9167,10.06,81,20,2.06,CL,1708331920
186,ribeira grande,38.5167,-28.7,17.22,88,20,3.6,PT,1708332060
187,olyokminsk,60.3736,120.4264,-24.06,90,100,4.87,RU,1708332061
188,fale old settlement,-9.3852,-171.2468,28.77,78,77,5.57,TK,1708332061
189,san patricio,28.017,-97.5169,11.02,65,0,2.76,US,1708332062
190,rikaze,29.25,88.8833,10.67,10,90,7.48,CN,1708332062
191,la'ie,21.6477,-157.9253,22.98,56,26,4.02,US,1708332062
192,ellensburg,46.9965,-120.5479,3.07,85,100,1.79,US,1708332062
193,enewetak,11.3474,162.3373,26.25,72,65,7.75,MH,1708332062
194,washington,47.5001,-120.5015,2.41,78,99,0.75,US,1708331857
195,hithadhoo,-0.6,73.0833,28.74,79,98,6.24,MV,1708332063
196,metlili chaamba,32.2667,3.6333,11.52,62,0,4.63,DZ,1708332063
197,ghadamis,30.1337,9.5007,16.71,39,41,7.38,LY,1708332064
198,geraldton,-28.7667,114.6,36.23,28,89,8.23,AU,1708331936
199,cole harbour,44.6724,-63.4751,-3.29,92,90,5.36,CA,1708331819
200,satuek,15.297,103.2919,37.31,22,20,2.57,TH,1708332064
201,qaqortoq,60.7167,-46.0333,0.12,71,100,1.14,GL,1708332064
202,brumunddal,60.881,10.9395,-5.01,93,100,0.57,NO,1708332065
203,poronaysk,49.2167,143.1167,-6.57,97,100,1.52,RU,1708332065
204,xunchang,28.4543,104.715,22.82,37,0,3.2,CN,1708332065
205,biltine,14.5333,20.9167,30.16,10,95,6.62,TD,1708332065
206,ust-tsilma,65.441,52.1498,-6.33,92,98,4.02,RU,1708332066
207,kulhudhuffushi,6.6221,73.07,28.12,75,17,7.35,MV,1708332066
208,talnakh,69.4865,88.3972,-19.89,97,100,8.16,RU,1708332066
209,gucheng chengguanzhen,32.266,111.6348,6.7,68,100,5.11,CN,1708332066
210,kalmunai,7.4167,81.8167,28.15,74,69,5.05,LK,1708332066
211,chongjin,41.7956,129.7758,1.46,71,100,3.0,KP,1708332067
212,badger,64.8,-147.5333,-7.86,75,100,2.06,US,1708332067
213,yamada,39.4667,141.95,12.02,88,100,5.31,JP,1708332067
214,haiku-pauwela,20.9219,-156.3051,21.13,71,20,4.12,US,1708332068
215,necochea,-38.5473,-58.7368,17.86,95,39,0.57,AR,1708332068
216,carnarvon,-24.8667,113.6333,28.84,65,50,8.17,AU,1708332068
217,ingeniero jacobacci,-41.3427,-69.5448,18.72,40,0,1.3,AR,1708332069
218,smyshlyayevka,53.2391,50.3907,-7.42,94,100,6.75,RU,1708332069
219,happy valley-goose bay,53.3168,-60.3315,-18.83,71,40,5.66,CA,1708332069
220,papao,-17.75,-149.55,26.82,75,100,3.11,PF,1708332069
221,malabar,-33.9667,151.25,20.63,83,75,3.6,AU,1708332069
222,klotze,52.6167,11.1667,8.9,86,100,7.24,DE,1708332070
223,carolina beach,34.0352,-77.8936,3.03,80,99,3.94,US,1708332070
224,ondjiva,-17.0667,15.7333,31.36,14,95,2.37,AO,1708332070
225,kashgar,39.4547,75.9797,-4.44,80,100,1.0,CN,1708332071
226,chibuto,-24.6867,33.5306,32.87,39,19,6.03,MZ,1708332071
227,yuzhno-kurilsk,44.0306,145.8556,4.1,69,76,6.94,RU,1708332071
228,puyang chengguanzhen,35.7028,115.0053,5.93,39,100,5.32,CN,1708332072
229,argostolion,38.1811,20.489,14.86,61,75,0.0,GR,1708332072
230,alice springs,-23.7,133.8833,35.75,25,40,6.17,AU,1708332072
231,puerto ayora,-0.7393,-90.3518,23.08,100,100,1.79,EC,1708332072
232,dryden,49.7833,-92.7503,-18.84,84,0,2.06,CA,1708332073
233,borogontsy,62.6683,131.1683,-34.58,99,100,0.56,RU,1708332073
234,toliara,-23.35,43.6667,33.12,46,7,2.92,MG,1708332073
235,crane,31.3974,-102.3501,6.46,47,0,3.52,US,1708332073
236,malango,-2.9627,119.9001,24.85,92,75,0.44,ID,1708332074
237,jamestown,42.097,-79.2353,-2.77,75,99,5.36,US,1708331874
238,isla mujeres,21.2311,-86.731,18.03,86,19,5.74,MX,1708332074
239,lom,43.8139,23.2361,9.16,73,99,2.75,BG,1708332074
240,ebon,4.582,168.6964,27.99,79,58,6.77,MH,1708332075
241,kerikeri,-35.2268,173.9474,19.39,79,61,1.8,NZ,1708332075
242,saipan,15.1355,145.701,26.39,65,100,7.72,MP,1708332075
243,salinas,36.6777,-121.6555,14.24,91,100,4.12,US,1708332045
244,luocheng,29.3848,104.0286,22.24,36,6,2.3,CN,1708332078
245,n'zeto,-7.2312,12.8666,27.64,80,100,3.95,AO,1708332079
246,luanda,-8.8368,13.2343,30.0,79,75,2.57,AO,1708331882
247,at taj,24.2049,23.2857,17.66,32,5,6.12,LY,1708332079
248,vallenar,-28.5708,-70.7581,14.77,84,6,1.62,CL,1708332079
249,richards bay,-28.783,32.0377,27.32,61,84,4.43,ZA,1708332080
250,moyynkum,44.2914,72.9469,-9.52,48,98,10.86,KZ,1708332080
251,ketchikan,55.3422,-131.6461,6.99,87,100,0.0,US,1708332080
252,amga,60.8953,131.9608,-32.35,99,100,0.92,RU,1708332081
253,fort mcmurray,56.7268,-111.381,-13.23,72,0,2.57,CA,1708332081
254,aleksandrov gay,50.147,48.5704,-3.69,70,100,6.41,RU,1708332081
255,chios,38.3678,26.1358,10.92,76,20,6.69,GR,1708332081
256,gaspe,48.8334,-64.4819,-11.05,72,100,1.03,CA,1708332082
257,lensk,60.7253,114.9278,-24.1,92,100,6.83,RU,1708332082
258,kapadvanj,23.0167,73.0667,30.88,15,72,6.73,IN,1708332082
259,vlahita,46.35,25.5167,3.2,74,87,1.81,RO,1708332082
260,gadzhiyevo,69.2551,33.3362,-5.62,88,100,8.86,RU,1708332083
261,ca mau,9.1769,105.15,32.76,44,72,5.12,VN,1708332083
262,utrik,11.2278,169.8474,26.54,82,87,6.13,MH,1708332083
263,mount gambier,-37.8333,140.7667,17.97,71,100,4.79,AU,1708332084
264,raton,36.9034,-104.4391,0.34,51,0,4.12,US,1708332084
265,nago,26.5881,127.9761,24.24,77,93,3.81,JP,1708332084
266,prado,-17.3411,-39.2208,24.0,94,100,4.52,BR,1708332085
267,mahriz,31.5917,54.4318,10.28,36,2,1.57,IR,1708332085
268,mil'kovo,55.6078,37.7956,-4.21,90,80,2.58,RU,1708332085
269,patacamaya,-17.2333,-67.9167,8.27,85,100,2.09,BO,1708332086
270,lihue,21.9789,-159.3672,21.77,55,100,9.26,US,1708332086
271,island harbour,50.724,-1.2758,10.04,93,100,2.68,GB,1708332086
272,tiksi,71.6872,128.8694,-38.16,98,41,3.18,RU,1708332086
273,ostersund,63.1792,14.6357,-7.99,92,100,0.0,SE,1708332087
274,tindouf,27.6711,-8.1474,14.25,44,0,5.14,DZ,1708332087
275,novodvinsk,64.4165,40.8122,-7.9,91,80,3.04,RU,1708332087
276,hotan,37.0997,79.9269,-0.25,45,98,2.29,CN,1708332087
277,saint-joseph,-21.3667,55.6167,29.21,73,90,6.68,RE,1708332088
278,weno,7.4515,151.8468,27.38,71,22,9.4,FM,1708332088
279,malakal,9.5334,31.6605,33.66,9,100,5.19,SS,1708332088
280,constantia,44.1833,28.65,4.38,73,61,3.76,RO,1708332068
281,elko,41.0002,-115.5012,0.01,91,4,1.34,US,1708332089
282,wynyard,-41.0,145.7167,17.64,89,76,3.48,AU,1708332089
283,corona de tucson,31.9654,-110.7756,13.25,54,27,1.34,US,1708332089
284,mhangura,-16.8939,30.1683,29.34,35,4,2.27,ZW,1708332089
285,dudinka,69.4058,86.1778,-19.66,95,100,12.96,RU,1708332090
286,ancud,-41.8697,-73.8203,12.7,77,0,0.37,CL,1708332090
287,clarksville,36.5298,-87.3595,-0.26,74,0,0.0,US,1708331824
288,sakhnovshchyna,49.1517,35.872,0.19,55,85,4.22,UA,1708332090
289,nar'yan-mar,67.6713,53.087,-9.94,95,99,4.47,RU,1708332091
290,caleta de carquin,-11.0925,-77.6267,23.99,82,96,2.31,PE,1708332091
291,coahuayana de hidalgo,18.7,-103.6583,19.84,83,0,1.62,MX,1708332092
292,kone,-21.0595,164.8658,25.31,78,45,2.14,NC,1708332092
293,hadibu,12.65,54.0333,27.1,48,2,4.57,YE,1708332092
294,illizi,26.4833,8.4667,15.89,15,7,6.46,DZ,1708332092
295,tofol,5.3248,163.0078,28.3,80,98,6.93,FM,1708332092
296,ekpoma,6.7421,6.139,32.28,51,6,0.44,NG,1708332093
297,codrington,-38.2667,141.9667,16.99,78,46,5.64,AU,1708332093
298,lazaro cardenas,17.9583,-102.2,21.25,83,0,1.86,MX,1708332093
299,flying fish cove,-10.4217,105.6791,29.82,70,19,3.09,CX,1708332093
300,novovelichkovskaya,45.2778,38.8436,2.28,78,100,2.45,RU,1708332094
301,kinwat,19.6333,78.2,35.13,16,2,4.21,IN,1708332094
302,mbandaka,0.0487,18.2603,30.31,56,85,1.65,CD,1708332094
303,saint-philippe,-21.3585,55.7679,29.77,78,97,6.13,RE,1708332094
304,sompeta,18.9333,84.6,27.9,58,43,6.58,IN,1708332095
305,nagqu,31.5,92.0,2.99,12,100,11.27,CN,1708332095
306,calatayud,41.3535,-1.6432,15.38,71,62,3.38,ES,1708332095
307,kakonko,-3.2828,30.9642,24.71,78,89,1.21,TZ,1708332095
308,kantunilkin,21.0917,-87.45,16.64,98,10,1.12,MX,1708332095
309,parras de la fuente,25.4167,-102.1833,11.14,48,0,1.32,MX,1708332096
310,puerto deseado,-47.7503,-65.8938,15.02,70,75,6.26,AR,1708332090
311,arraial do cabo,-22.9661,-42.0278,24.28,88,100,1.66,BR,1708332096
312,machico,32.7,-16.7667,20.0,68,40,6.69,PT,1708332096
313,bobrov,51.0961,40.0333,-4.28,82,91,4.14,RU,1708332097
314,manta,-0.95,-80.7333,26.67,83,100,6.71,EC,1708332097
315,aitape,-3.1374,142.3475,27.03,90,55,4.22,PG,1708332097
316,hulan ergi,47.2042,123.6333,-11.96,42,100,5.72,CN,1708332097
317,muisne,0.6,-80.0333,24.73,97,100,1.96,EC,1708332097
318,cold lake,54.4502,-110.2017,-15.03,92,0,0.0,CA,1708332098
319,nantucket,41.2835,-70.0995,1.06,75,0,3.09,US,1708331923
320,sinabang,2.4803,96.3801,29.1,72,99,1.51,ID,1708332098
321,port hedland,-20.3167,118.5667,39.03,35,7,6.69,AU,1708332098
322,mount pearl,47.5166,-52.7813,-5.08,86,40,11.83,CA,1708332099
323,bakanas,44.8081,76.2772,-12.93,48,7,7.69,KZ,1708332099
324,nikel,69.4128,30.222,-3.9,90,99,7.73,RU,1708332099
325,hirara,24.8,125.2833,24.15,83,75,7.72,JP,1708332099
326,saint-francois,46.4154,3.9054,9.69,94,100,3.09,FR,1708332099
327,rio grande,-32.035,-52.0986,23.3,77,100,4.15,BR,1708332100
328,pitea,65.3172,21.4794,-18.95,94,17,0.3,SE,1708332100
329,bandarbeyla,9.4942,50.8122,27.42,58,5,6.65,SO,1708332100
330,viana do castelo,41.6932,-8.8329,14.88,88,51,2.51,PT,1708332014
331,liuboml,51.226,24.0373,2.27,59,100,6.6,UA,1708332100
332,sechura,-5.5569,-80.8222,26.34,74,81,3.75,PE,1708332101
333,port-vila,-17.7338,168.3219,26.78,89,75,2.06,VU,1708331835
334,kerema,-7.9631,145.7785,27.51,81,100,2.79,PG,1708332101
335,ulsteinvik,62.3432,5.8487,4.62,74,100,0.89,NO,1708332101
336,klaksvik,62.2266,-6.589,7.51,84,67,7.63,FO,1708332102
337,cannonvale,-20.2833,148.7,26.66,80,50,6.45,AU,1708332102
338,plettenberg bay,-34.0527,23.3716,24.54,60,8,4.29,ZA,1708332102
339,cloverdale,38.8055,-123.0172,10.87,93,100,1.34,US,1708332102
340,port saint john's,-31.6229,29.5448,24.71,73,95,5.38,ZA,1708332102
341,marang,5.2056,103.2059,30.95,79,79,3.79,MY,1708332103
342,walvis bay,-22.9575,14.5053,21.27,60,14,2.26,NA,1708331883
343,severo-yeniseyskiy,60.3725,93.0408,-22.46,86,94,2.68,RU,1708332103
344,polyarnyy,69.1989,33.4478,-5.38,88,100,8.53,RU,1708332103
345,chui,-33.6971,-53.4616,21.21,94,100,2.77,UY,1708331999
346,elverum,60.8819,11.5623,-5.32,96,100,1.13,NO,1708332104
347,la ronge,55.1001,-105.2842,-19.86,65,0,2.06,CA,1708332104
348,campo alegre,-9.7819,-36.3508,24.41,94,86,1.84,BR,1708332104
349,taoudenni,22.6783,-3.9836,19.32,31,0,8.22,ML,1708332104
350,nadi,-17.8,177.4167,28.0,83,75,1.03,FJ,1708332105
351,pariaman,-0.619,100.12,31.03,82,100,1.03,ID,1708332105
352,freetown,8.484,-13.2299,28.15,72,33,1.41,SL,1708332105
353,keelung,25.1283,121.7419,28.94,69,90,0.93,TW,1708332105
354,kruisfontein,-34.0033,24.7314,27.71,43,3,7.48,ZA,1708332105
355,dunedin,-45.8742,170.5036,11.0,71,12,8.49,NZ,1708332106
356,nizhneudinsk,54.9076,99.0276,-19.43,79,89,1.2,RU,1708332106
357,colonia,50.9333,6.95,10.54,83,100,1.03,DE,1708332106
358,bakchar,57.0186,82.0711,-18.89,80,85,1.09,RU,1708332106
359,ulsan,35.5372,129.3167,15.7,92,21,2.0,KR,1708332107
360,chibougamau,49.9168,-74.3659,-18.21,85,100,3.09,CA,1708332107
361,punta alta,-38.8759,-62.0736,19.1,63,1,3.21,AR,1708332052
362,cananeia,-25.0147,-47.9267,22.04,92,12,1.44,BR,1708332107
363,taltal,-25.4,-70.4833,18.77,83,74,1.49,CL,1708332022
364,margate,51.3813,1.3862,8.82,92,100,3.58,GB,1708332108
365,yangambi,0.8102,24.4336,32.84,46,96,0.59,CD,1708332108
366,san antonio de pale,-1.4014,5.6325,28.88,74,75,2.79,GQ,1708332108
367,tchintabaraden,15.8969,5.7985,25.77,8,18,6.14,NE,1708332108
368,peterborough,52.5736,-0.2478,9.99,87,75,7.72,GB,1708331902
369,niafunke,15.9322,-3.9906,22.99,21,17,9.81,ML,1708332109
370,kourou,5.1552,-52.6478,26.03,77,100,4.56,GF,1708332109
371,pontevedra,42.431,-8.6444,13.5,89,72,3.17,ES,1708331866
372,rantauprapat,2.1,99.8333,27.22,94,100,0.92,ID,1708332109
373,erdenet,49.0333,104.0833,-23.72,89,57,1.54,MN,1708332110
374,nasiriyah,31.0521,46.261,20.02,38,0,4.04,IQ,1708332110
375,ulladulla,-35.35,150.4667,20.28,79,100,2.07,AU,1708332110
376,manaquiri,-3.3167,-60.35,26.27,96,98,1.41,BR,1708332110
377,nueva gerona,21.8833,-82.8,23.12,83,100,7.3,CU,1708332111
378,nemuro,43.3236,145.575,3.88,97,97,10.99,JP,1708332111
379,indramayu,-6.3264,108.32,29.16,74,22,3.78,ID,1708332111
380,antofagasta,-23.65,-70.4,20.6,87,22,0.89,CL,1708332111
381,mugia,43.1041,-9.2179,13.28,91,83,7.6,ES,1708332112
382,hood river,45.7054,-121.5215,4.12,90,100,3.13,US,1708332112
383,san luis de la loma,17.2706,-100.8939,21.96,78,0,1.55,MX,1708332112
384,camocim,-2.9022,-40.8411,24.97,93,93,2.74,BR,1708332112
385,tamanrasset,22.785,5.5228,16.95,19,0,4.12,DZ,1708332113
386,teixeira,-7.2228,-37.2542,20.85,94,88,1.16,BR,1708332113
387,uzhur,55.3036,89.8339,-22.52,82,7,1.34,RU,1708332113
388,copala,16.65,-98.9833,22.3,69,0,2.13,MX,1708332113
389,newnan,33.3807,-84.7997,4.11,62,100,2.06,US,1708332113
390,quibdo,5.6947,-76.6611,23.89,99,100,0.61,CO,1708332114
391,junnar,19.2,73.8833,31.78,15,7,2.6,IN,1708332114
392,dourados,-22.2211,-54.8056,20.3,90,30,2.38,BR,1708332114
393,connell,46.6635,-118.8611,2.09,96,100,3.28,US,1708332115
394,kilimatinde,-5.85,34.95,25.29,74,62,1.44,TZ,1708332115
395,purpe,64.4803,76.6897,-16.41,83,100,12.42,RU,1708332115
396,mahalapye,-23.1041,26.8142,29.84,40,40,5.92,BW,1708332115
397,yanchep,-31.55,115.6833,42.07,36,100,6.75,AU,1708332115
398,mae ramat,16.984,98.5166,36.0,23,0,4.08,TH,1708332116
399,selfoss,63.9331,-20.9971,2.8,99,78,3.09,IS,1708332116
400,murray bridge,-35.1167,139.2667,25.62,53,93,6.0,AU,1708332116
401,itoman,26.1247,127.6694,24.21,83,75,6.69,JP,1708332116
402,yeppoon,-23.1333,150.7333,27.88,76,100,6.06,AU,1708332117
403,baoro,5.6667,15.9667,33.73,20,100,2.46,CF,1708332117
404,iskateley,67.6803,53.1512,-9.99,95,98,4.47,RU,1708332117
405,asuncion mita,14.3308,-89.7108,18.1,88,41,2.93,GT,1708332117
406,yelahanka,13.1075,77.6003,32.95,18,0,3.6,IN,1708332118
407,carsamba,41.1989,36.7219,8.86,71,75,4.63,TR,1708332118
408,mar del plata,-38.0023,-57.5575,21.16,93,100,2.06,AR,1708331912
409,greenville,35.6127,-77.3663,0.01,100,0,0.0,US,1708332118
410,palu,-0.8917,119.8707,30.06,71,26,1.68,ID,1708332119
411,caconda,-13.7333,15.0667,22.8,64,93,1.81,AO,1708332119
412,santa cruz,-17.8,-63.1667,25.7,94,75,3.09,BO,1708332119
413,luis correia,-2.8792,-41.6669,25.72,90,96,3.32,BR,1708332120
414,inhambane,-23.865,35.3833,30.99,58,40,8.23,MZ,1708332120
415,dongobesh,-4.0667,35.3833,22.96,59,99,0.83,TZ,1708332120
416,beira,-19.8436,34.8389,31.05,79,40,4.63,MZ,1708332121
417,samoylovka,51.184,43.7081,-4.26,91,88,4.58,RU,1708332121
418,ta`u,-14.2336,-169.5144,28.08,87,100,11.63,AS,1708332122
419,nova sintra,14.8667,-24.7167,20.78,76,0,9.16,CV,1708332122
420,banjarmasin,-3.3244,114.591,35.08,81,41,2.01,ID,1708332123
421,palmer,42.1584,-72.3287,-0.42,61,0,3.6,US,1708332124
422,kamaishi,39.2667,141.8833,11.95,90,100,6.11,JP,1708332124
423,kapuskasing,49.4169,-82.4331,-21.95,77,20,3.09,CA,1708332124
424,sos'va,59.1766,61.8558,-7.19,73,64,5.81,RU,1708332125
425,rohru,31.2167,77.75,9.14,76,100,2.88,IN,1708332125
426,ugoofaaru,5.6667,73.0,28.42,79,42,7.63,MV,1708332125
427,peniche,39.3558,-9.3811,15.06,95,92,4.02,PT,1708332125
428,isla del bosque,22.7333,-105.85,18.74,75,0,1.68,MX,1708332126
429,sabalgarh,26.25,77.4,32.96,15,7,6.89,IN,1708332126
430,boyolangu,-8.1181,111.8935,29.61,76,86,0.94,ID,1708332126
431,kodinsk,58.6881,99.1844,-23.64,86,100,3.52,RU,1708332126
432,shortandy,51.7006,70.9994,-21.5,86,6,2.5,KZ,1708332127
433,howard springs,-12.497,131.047,31.66,79,100,4.15,AU,1708332127
434,sarankhola,22.3082,89.7897,32.53,26,0,2.77,BD,1708332127
435,changde,29.0464,111.6783,11.19,72,100,5.54,CN,1708332127
436,usinsk,65.9939,57.5281,-9.96,93,100,8.49,RU,1708332128
437,north shore,-36.8,174.75,21.89,71,41,0.89,NZ,1708332128
438,gulariya,28.2333,81.3333,29.88,14,0,2.79,NP,1708332128
439,daru,-9.0763,143.2092,27.68,84,98,3.69,PG,1708332128
440,udaipura,23.0833,78.5,34.8,14,51,4.49,IN,1708332129
441,sisimiut,66.9395,-53.6735,-9.94,91,100,5.15,GL,1708332129
442,kenai,60.5544,-151.2583,1.72,88,100,2.06,US,1708332129
443,dem'yanovo,60.3511,47.0842,-4.3,89,96,3.37,RU,1708332129
444,zarinsk,53.7074,84.9493,-18.69,72,18,2.36,RU,1708332130
445,east london,-33.0153,27.9116,24.52,73,100,6.69,ZA,1708332130
446,magadan,59.5667,150.8,-28.04,84,81,2.66,RU,1708332130
447,pionerskiy,54.9508,20.2275,1.91,72,100,8.51,RU,1708332131
448,namdrik,5.5994,168.1028,28.03,80,59,6.38,MH,1708332131
449,chinde,26.8418,88.0763,19.08,28,49,2.8,NP,1708332131
450,arawa,-6.2132,155.5367,26.82,89,68,1.15,PG,1708332131
451,san lorenzo,-25.3333,-57.5333,23.52,83,0,2.57,PY,1708332132
452,zuni pueblo,35.0725,-108.8506,-2.65,74,1,1.87,US,1708332132
453,dhidhdhoo,6.8833,73.1,28.07,75,22,4.34,MV,1708332132
454,mahavelona,-17.6848,49.5087,28.99,88,100,2.92,MG,1708332132
455,dara,15.3484,-15.4799,22.98,12,1,6.14,SN,1708332132
456,el salto,20.3333,-104.5,11.73,65,0,0.41,MX,1708332133
457,san clemente del tuyu,-36.3569,-56.7235,18.32,92,6,4.5,AR,1708332133
458,queenstown,-31.8976,26.8753,27.71,31,8,1.07,ZA,1708332133
459,al burayqah,30.4062,19.5739,15.19,62,0,2.0,LY,1708332134
460,nikolayevsk-on-amure,53.1406,140.73,-20.0,98,100,1.46,RU,1708332134
461,la descubierta,18.5705,-71.7297,22.19,92,47,3.02,DO,1708332134
462,key west,24.5557,-81.7826,21.0,88,100,4.63,US,1708332134
463,peace river,56.2501,-117.286,-9.64,90,0,2.57,CA,1708332113
464,nizhneangarsk,55.7833,109.55,-29.44,77,98,0.45,RU,1708332135
465,rio verde de mato grosso,-18.9181,-54.8442,21.61,97,100,1.33,BR,1708332135
466,auki,-8.7676,160.7034,27.02,86,21,1.66,SB,1708332135
467,ad dabbah,18.05,30.95,24.98,13,57,6.98,SD,1708332136
468,port sudan,19.6175,37.2164,24.58,50,65,7.19,SD,1708332136
469,lazarevac,44.3853,20.2557,8.67,55,14,1.93,RS,1708332136
470,williamson,30.6502,-97.6003,6.12,62,4,1.79,US,1708332100
471,motta sant'anastasia,37.5131,14.9659,15.58,67,0,1.54,IT,1708332137
472,genhe,50.7833,121.5167,-19.29,88,100,3.51,CN,1708332137
473,astrakhan,46.3497,48.0408,0.51,64,0,6.0,RU,1708332137
474,gizo,-8.103,156.8419,28.6,79,45,4.35,SB,1708332137
475,la toma,-33.0526,-65.6238,18.15,76,0,1.84,AR,1708332138
476,pembroke,45.8168,-77.1162,-14.9,75,29,3.03,CA,1708331969
477,fairwood,47.4484,-122.1573,6.88,85,0,3.09,US,1708332138
478,mugumu,-1.85,34.7,27.12,49,100,0.31,TZ,1708332139
479,quellon,-43.1167,-73.6167,12.45,91,1,4.13,CL,1708332139
480,sao gabriel da cachoeira,-0.1303,-67.0892,23.04,97,77,0.09,BR,1708332139
481,agaro,7.85,36.65,29.53,40,97,1.06,ET,1708332139
482,ascension,30.2169,-90.9001,4.0,79,0,0.0,US,1708331944
483,hobyo,5.3505,48.5268,28.73,57,89,9.07,SO,1708332140
484,saraqib,35.8645,36.8059,8.53,87,100,2.77,SY,1708332140
485,karumbakkam,12.6992,80.0933,32.11,48,87,5.3,IN,1708332141
486,laurel,39.0993,-76.8483,2.22,67,0,3.09,US,1708332089
487,dek'emhare,15.07,39.0475,24.95,28,78,0.83,ER,1708332141
488,xiongzhou,25.1167,114.3,26.3,60,48,3.17,CN,1708332141
489,waitara,-38.925,174.25,19.16,88,4,7.45,NZ,1708332142
490,raja,8.4596,25.678,32.17,10,43,3.97,SS,1708332142
491,mhamid,29.82,-5.72,16.08,38,0,5.89,MA,1708332142
492,san mariano,7.5,126.0,26.66,78,64,2.67,PH,1708332142
493,nampula,-15.1165,39.2666,28.97,61,75,3.6,MZ,1708332143
494,trairi,-3.2778,-39.2689,24.85,91,93,1.97,BR,1708331871
495,basco,20.4487,121.9702,25.22,84,11,7.31,PH,1708332143
496,xining,36.6167,101.7667,3.25,27,100,1.1,CN,1708332052
497,las cruces,32.3123,-106.7783,9.06,46,0,4.63,US,1708332143
498,estes park,40.3772,-105.5217,0.47,60,40,7.6,US,1708332144
499,atbasar,51.8,68.3333,-21.68,90,27,3.43,KZ,1708332125
500,obersiggenthal,47.4875,8.2965,10.75,94,75,2.57,CH,1708332144
501,tralee,52.2704,-9.7026,7.14,93,40,2.57,IE,1708332145
502,smolyaninovo,43.2956,132.4675,-2.59,80,100,5.64,RU,1708332145
503,sharypovo,55.5403,89.2008,-22.08,75,6,1.34,RU,1708332145
504,ocean shores,46.9737,-124.1563,8.31,92,0,6.69,US,1708332145
505,pangody,65.85,74.4859,-14.2,92,100,10.49,RU,1708332145
506,luganville,-15.5333,167.1667,27.27,87,43,1.52,VU,1708331940
507,dubrovnik,42.6481,18.0922,15.8,44,0,0.51,HR,1708332146
508,warrenton,-28.114,24.8475,32.09,28,4,5.87,ZA,1708331854
509,bahia de caraquez,-0.6,-80.4167,26.1,97,100,0.79,EC,1708332146
510,teruel,40.6667,-0.6667,5.92,88,100,8.58,ES,1708332147
511,agadez,19.75,10.25,21.91,12,31,4.11,NE,1708332147
512,quinte west,44.1834,-77.5662,-10.26,55,20,3.6,CA,1708332147
513,shimanovsk,52.0,127.7,-22.39,77,92,3.91,RU,1708332147
514,spring creek,40.7266,-115.5859,-0.17,82,0,0.45,US,1708332148
515,taunggyi,20.7833,97.0333,26.95,9,0,3.44,MM,1708332148
516,riosucio,5.4216,-75.7032,15.56,95,97,0.56,CO,1708332148
517,kolonia town,6.964,158.206,27.89,76,72,9.99,FM,1708332148
518,kizilcahamam,40.4697,32.6506,4.79,58,64,1.79,TR,1708332149
519,asaita,11.5636,41.4394,30.56,43,42,1.42,ET,1708332149
520,callao,-12.0667,-77.15,25.95,78,75,4.12,PE,1708332103
521,longquan,24.6719,102.1613,22.71,21,34,6.26,CN,1708332149
522,cherokee,34.2668,-84.4499,4.99,63,0,4.63,US,1708331973
523,polygyros,40.3744,23.4383,10.51,65,83,3.21,GR,1708332150
524,gokwe,-18.2048,28.9349,28.64,37,14,4.66,ZW,1708332150
525,portel,-1.9356,-50.8211,24.42,90,100,1.83,BR,1708332150
526,nuuk,64.1835,-51.7216,-1.66,86,20,6.69,GL,1708332150
527,vila velha,-20.3297,-40.2925,24.41,94,75,1.03,BR,1708332150
528,aras-asan,8.8908,126.3033,25.95,88,24,4.54,PH,1708332151
529,labrador city,52.9463,-66.9114,-24.05,70,100,5.66,CA,1708332151
530,brookings,44.3114,-96.7984,-5.35,94,0,3.6,US,1708332036
531,pascagoula,30.3658,-88.5561,5.02,93,0,0.0,US,1708332151
532,mazatlan,23.2167,-106.4167,18.28,78,0,0.0,MX,1708332152
533,piraju,-23.1936,-49.3839,18.19,95,2,1.37,BR,1708332152
534,corabia,43.7833,24.5,6.32,58,73,4.48,RO,1708332152
535,chornomors'k,46.305,30.6548,1.88,58,40,4.19,UA,1708332152
536,dompu,-8.5356,118.4622,29.61,81,90,1.13,ID,1708332153
537,businga,3.3333,20.8833,35.54,35,57,1.11,CD,1708332153
538,palikir - national government center,6.9248,158.1611,27.31,77,72,10.01,FM,1708331957
539,markovo,57.3206,107.0881,-22.79,89,100,3.26,RU,1708332153
540,santiago del estero,-27.7951,-64.2615,22.58,67,0,2.99,AR,1708332154
541,porto cristo,39.5395,3.333,15.18,66,100,0.78,ES,1708332154
542,zamora,-4.0692,-78.9567,18.95,98,100,0.45,EC,1708332154
543,tidjikja,18.5564,-11.4271,20.97,22,0,10.75,MR,1708332154
544,petauke,-14.2426,31.3253,27.7,45,84,2.87,ZM,1708332154
545,bechar,31.6167,-2.2167,9.18,61,0,3.09,DZ,1708332155
546,tutoia,-2.7619,-42.2744,26.71,85,100,4.04,BR,1708332151
547,al wakrah,24.85,51.3333,23.05,32,3,7.75,QA,1708332155
548,anshun,26.25,105.9333,24.49,22,0,8.86,CN,1708331958
549,mildura,-34.2,142.15,30.82,16,54,4.4,AU,1708332156
550,indergarh,26.9352,79.6724,28.82,26,0,4.12,IN,1708332156
